Name,Address,Website,Phone
Subway,"Shop No. 16, Adlabs Multiplex, Marigold complex, Kalyani Nagar, Pune",https://subway.in/,N/A
Bhagyashree Restaurant,"Plot No. 169/1+2+3, Tupe Nagar, behind Suzlon Co, Pune",N/A,081491 08787
"Domino's Pizza | Kharadi, Pune","Survey No. 13, Shop No. 4 and 5, Upper Ground Floor, गोल्ड प्लाज़ा, Mundhwa - Kharadi Road, Raghavendra Nagar, Kharadi, Pune",https://www.dominos.co.in/store-location/pune/gold-plaza-kharadi,1800 208 1234
TJ's Brew Works,"East Block, Level, 2, Amanora Town Centre, Hadapsar, Pune",N/A,095080 37956
"Domino's Pizza | Wanawadi, Pune","Shivam Apartments, GROUND FLOOR WING D, 17, Vitthal Rao Shivarkar Road, Wanwadi, Pune",https://www.dominos.co.in/store-location/pune/wanawadi,1800 208 1234
CAFE NEW DIAMOND,"1, Magarpatta, Hadapsar, Pune",N/A,088305 17061
Vaishali Hotel,"Shop no 14, Chintamani Plaza, Solapur - Pune Highway, Gajanan Colony, Utkarsh Nagar, Hadapsar, Pune",N/A,084593 70312
Hotel Aaswad,"Pune - Solapur Road, Gadital, Hadapsar, Pune",N/A,020 2699 3486
Priyanka Restaurant,"Shop No 3 & 4, Building No B/6, Utkarshnagar Co-operative Ltd, Gadital, Hadapsar, Pune",N/A,020 2699 3618
Dial A Chicken,"Survey No. 181, Near Ferns N Petals: Florist & Gift Shop, Next To Swagat, Familly Hotel, Malwadi Road, Behind Amanora Mall, Sadesatara Nali, Pune",N/A,079728 54507
Burger King,"1st Floor, Amanora Mall, EB FF6A & 6B, Amanora Town Centre, Pune",https://stores.burgerking.in/burger-king-fast-food-restaurant-amanora-town-centre-pune-179328/Home?utm_source=locator&utm_medium=googleplaces,086559 12516
Chaat Bazaar,"Amanora Mall, Amanora Town Centre, Amanora Park Town, Hadapsar, Pune",N/A,N/A
Asia Kitchen By Mainland China | Hadapsar,"Amanora Town Centre, Amanora Park Town, Hadapsar, Pune",https://www.speciality.co.in/,093705 79603
Barbeque Nation,"GW9P+G45, Mundhwa - Kharadi Road, Amanora Park Town, Hadapsar, Pune",https://www.barbequenation.com/,080 6902 8725
Agent Jack's (Amanora),"Amanora Mall Ground Floor West Block Next to AZORTE Amanora Town Center, Mundhwa - Kharadi Road, Hadapsar, Pune",http://www.agentjacksbar.com/,090750 22474
"Pizza Hut | Magarpatta, Pune","No 01, Green Harvest, 140/11 & 13, Bldg, Magarpatta, Hadapsar, Pune",https://restaurants.pizzahut.co.in/pizza-hut-hadapsar-pizza-delivery-hadapsar-pune-1370/Home?utm_source=locator&utm_medium=googleplaces,084849 87320
"Domino's Pizza | North Hadapsar, Pune","Ground Floor, S.No. 151 Green Harvest, HISSA NO.15 Kharadi South Main Road Magarpatta City, North Hadapsar, CTS NO.4421, Pune",https://www.dominos.co.in/store-locations/pune/magarpatta?src=local_gmb&utm_source=Google_GMB&utm_medium=GMB_SEO_urls_website,1800 208 1234
McDonald's,"Seasons Mall, Unit No F22 Hadapsar, Magarpatta, Pune",https://mcdelivery.co.in/restaurants/pune/125/order-food-online-in-McDonalds-magarpatta-magarpattahadapsar,089283 04182
Chulbul Dhaba,"beside BP Petrol Pump, Sr.No.141, beside BP Petrol Pump, opposite North Main Gate, Magarpatta, Pune",http://www.chulbuldhaba.com/,083900 10062
Apna Punjab,"next to bharat petrol pump, 1, Magarpatta Road, Magarpatta, Hadapsar, Pune",http://apnapunjabpune.com/,092849 11503
Eagle Boys,"Shop 138, Seasons Mall, Mundwa-Kharadi Road, Hadapsar, Pune",http://eagleboys.co.in/,020 6686 4000
Wah! Marathi,"3rd Floor, SEASONS MALL, Magarpatta Police Station Road, Magarpatta, Pune",http://www.wahmarathi.com/,020 6722 5566
Subway,"Shop NO C6, 3rd Floor, Seasion Mall, Magarpatta Police Station Road, Magarpatta, Hadapsar, Pune",https://subway.in/,020 6723 8530
Rolls Mania,"Unit No. T4A, 3rd Floor, Food court, Seasons mall, Magarpatta, Hadapsar, Pune",http://rollsmania.com/,096073 28855
BARISTA COFFEE COMPANY,"SEASONS MALL, 1st Floor, Shop No.S 35 B, Magarpatta Police Station Road, Magarpatta, Pune",http://www.barista.co.in/,N/A
Cafe Arabia - Seasons Mall,"3rd Floor, Seasons Mall Hadapsar, Magarpatta, Hadapsar, Pune",N/A,096233 11115
KFC,"1st Floor, SEASONS MALL, Magarpatta, Hadapsar, Pune",https://online.kfc.co.in/,N/A
Hotel Surya,"29, 1, lonkarnagar, Keshav Nagar, Mundhwa, Pune",http://hotelsuryavilla.com/,091307 50410
"Misal Katta, Keshavnagar","Manjari Road, Lonkar Vasti, Keshav Nagar, Mundhwa, Pune",N/A,N/A
Aryan's Family Restaurant & Bar,"32/2/6, Sr No 26/3 B, Manjari Village Road, Lonkar Wasti, Keshav Nagar, Mundhwa, Mundhwa - Manjari Road, Lonkar Nagar, Sade Satra Nali, Pune",https://technoflybusinesssolutions.com/cards/aryans-restaurant-and-bar-696,091300 09130
Faaso's,"Closed, SHOP NO-23 DESTINATION CENTER UPPER GROUND FLOOR, Magarpatta, Pune",N/A,077000 20020
Happy Crust,"BT-18, DC Road, Magarpatta, Hadapsar, Pune",N/A,099223 88855
Little India,"Shop 23, 24, DC Road, Magarpatta, Hadapsar, Pune",N/A,088550 44924
Treebo Trend Park View - Hotel in Hadapsar Pune,"behind Laxman Villa, S. No. 161, GP Pradhan Garden Road, Bhosale Nagar, Hadapsar, Pune",https://www.treebo.com/hotels-in-pune/treebo-trend-park-view-hadapsar-221/?utm_source=partnerships&utm_medium=gplus&utm_campaign=hotelparkview,093228 00100
bashree hotel behind SBI Bank & SBI ATM.Hadapsar Pune.,"GW5G+HC6, Magarpatta, Hadapsar, Pune",N/A,N/A
Kalyan Bhel,"Laxmi Vihar, Hadapsar, Pune",https://kalyanbhel.in/,093717 11112
Kokkita Restaurant and Bar,"Kokkita Restaurant, near Samidha Gas, Tupe Patil Road, Hadapsar, Pune",N/A,073502 19595
Punjabi Grill,"SHOP NO. 16, Ghule Park, near SHREE MAHALAXMI BIRYANI HOUSE, Tupe Patil Road, Hadapsar, Pune",N/A,098229 86574
Rasika Restaurant,"Shop No. 7, Bhosales Garden's, Aru Nagar, Triveni Nagar, Hadapsar, Pune",N/A,N/A
Pizza Point,"Shop No. 37, Ravi Darshan Shopping Complex, Pune - Solapur Road, Sadhana Society, Hadapsar, Pune",N/A,072767 25445
Authentic Royal Restaurant,"institute of yoga, Authentic Royal Restaurant Behind Noble Hospital, Opposite Shriyog, Bypass Road, Magarpatta, Hadapsar, Pune",N/A,090283 90888
Food Connection,"near Gas godown, Dhaykar wasti, near Gas godown, Hadapsar Station Bridge Path, Pingale Wasti, Mundhwa, Pune",N/A,098818 02777
Prabhat Chicken Center,"Chintamani Plaza, Solapur - Pune Highway, Utkarsh Nagar, Hadapsar, Pune",N/A,080071 99986
Baramati Agro Ltd Chicken Shop,"FWXM+CCR, opp. Sation, near Sai Mindir, Sation, Mundhwa Road, Hadapsar Gaon, Hadapsar, Pune",https://baramatiagro.com/,072762 00816
Hotel Samrat,"FWXX+MQG, Aakashwani Kendra, Pune-Solapur Road, Hadapsar, near Tekawade Petrol Pump & CNG, Pune",N/A,077200 18181
AMIR CHICKEN SHOP,"Bus Stop, Sainath Nagar, Kharadi, Pune",N/A,098503 95915
Gandharva Residency - Hadapsar,"Sr No. 280, 26, Pune - Solapur Road, Laxmi Colony, Hadapsar, Pune",https://gandharvaresidency.com/,080872 04848
Carnival Restaurant & Bar Pune,"Survey no.:- 84/33 Koregaon Park, Mundhwa Road, Pune",N/A,097625 55555
Hotel Vijayraj,"opp. Hadapsar Gliding Center, Sainagar, opp. Hadapsar Gliding Center, Pune Saswad Road, Satavwadi, Hadapsar, Pune",N/A,020 2699 4439
Hotel Sagar,"Shop No 2-3, Deveshree Heights P-H1, Vaiduwadi, Hadapsar,, Pune",N/A,N/A
Kimchi,"Sambhaji Nagar, Kharadi, Opp. Hyundai Showroom, Pune",N/A,080879 88988
Spice Factory,"above ICICI Bank, Mundhwa - Kharadi Road, Kharadi, Pune",N/A,099750 75055
Punjab Flavours,"GWXR+VPW, Kharadi South Main Road, Rakshak Nagar, Kharadi, Pune",N/A,086009 74400
BOX8 - India's Largest Desi Meals Brand,"SSR Tower, IT Park, opp. Zensar I.T. Park, Gera Commerzone IT Park Road, Kharadi, Pune",https://box8.in/,022 3355 2698
Chulbul Dhaba,"Sr. No. 6, opp. Zensar IT Park, 2/23, Kharadi South Main Road, Rakshak Nagar, Kharadi, Pune",http://www.chulbuldhaba.com/,N/A
Satguru's Punjabi Rasoi,"opp. Telephone Exchange, s. No.6/2, Kharadi, Pune-411014, opp. Telephone Exchange, Pune",N/A,080555 70075
Kolkata Rolls : Online Orders Accepted,"shop no.4,Willtek House,, Opp. Zensar tech., Kharadi, Pune",N/A,087885 91767
YA BASA - Kitchen & Bar(Seafood Special),"IT Park, Sr No 6/2/20 Opp Zensar, Kharadi, Pune",http://wcom.me/002ge8m,077200 73535
Texas Tower,"9th Floor, Stellar Spaces, opp. Zensar IT Park, Kharadi South Main Road, Rakshak Nagar, Kharadi, Pune",https://texastower.in/,080878 20044
Monginis Cake Shop,"Sr No 311, Gandharv Geet, Shop No AO2, H No 18, Sasane Nagar Road, Pune",https://cakeshops.monginis.net/monginis-cake-shop-kian-enterprises-sasane-nagar-cake-shop-sasanenagar-pune-165961/Home?utm_source=locator&utm_medium=googleplaces,090750 01616
